{
  "NB_BoW": {
    "accuracy": [
      0.9372663741264424,
      0.9325532260685845,
      0.9309280026003576,
      0.9432704811443433,
      0.9351430429128739
    ],
    "precision": [
      0.9483736198149806,
      0.943649373881932,
      0.9453453453453453,
      0.952126077906631,
      0.9484257871064468
    ],
    "recall": [
      0.9371866705986435,
      0.93335299321734,
      0.9283397227956355,
      0.9445427728613569,
      0.9330383480825959
    ],
    "f1": [
      0.9427469593592406,
      0.938472942920682,
      0.9367653622972771,
      0.9483192655116245,
      0.9406691449814126
    ]
  },
  "NB_TF-IDF": {
    "accuracy": [
      0.9332033154558752,
      0.9294653014789533,
      0.9273525109702584,
      0.938556566970091,
      0.9328673602080624
    ],
    "precision": [
      0.9387514723203769,
      0.9349808767284495,
      0.9344746162927982,
      0.9445100354191264,
      0.938956060159245
    ],
    "recall": [
      0.9401356531996461,
      0.9371866705986435,
      0.9336478914774403,
      0.943952802359882,
      0.9392330383480826
    ],
    "f1": [
      0.9394430528952409,
      0.9360824742268041,
      0.934061070954418,
      0.9442313366774859,
      0.939094528830556
    ]
  },
  "LR_BoW": {
    "accuracy": [
      0.9913863156183975,
      0.9938241508207378,
      0.9925239720461564,
      0.99203511053316,
      0.99203511053316
    ],
    "precision": [
      0.9888693614528412,
      0.9938144329896907,
      0.9926362297496318,
      0.9929182649749189,
      0.9917574330291433
    ],
    "recall": [
      0.995576526098496,
      0.9949867295782955,
      0.9938071365378944,
      0.9926253687315634,
      0.9938053097345133
    ],
    "f1": [
      0.9922116091109479,
      0.9944002357795462,
      0.9932213380489242,
      0.9927717952500369,
      0.9927803153086784
    ]
  },
  "LR_TF-IDF": {
    "accuracy": [
      0.9829351535836177,
      0.9835852429709085,
      0.9847228993986673,
      0.986183355006502,
      0.9842327698309493
    ],
    "precision": [
      0.9787296037296037,
      0.9809941520467836,
      0.9824407374890255,
      0.9841781423967184,
      0.9821376281112738
    ],
    "recall": [
      0.9905632556767915,
      0.9893836626363904,
      0.989973459156591,
      0.9908554572271386,
      0.9893805309734514
    ],
    "f1": [
      0.9846108749816797,
      0.9851710468360005,
      0.986192714453584,
      0.9875055122739967,
      0.9857457751653196
    ]
  }
}