{
  "logistic_regression_bow": {
    "accuracy": 0.9951891821609674,
    "precision": 0.9950506716945557,
    "recall": 0.996224634261444,
    "f1": 0.9956373069213537,
    "auc": 0.9987595851635124
  },
  "logistic_regression_tfidf": {
    "accuracy": 0.9876479001430243,
    "precision": 0.9843348141220482,
    "recall": 0.9933931099575272,
    "f1": 0.9888432178508514,
    "auc": 0.9988163031182438
  },
  "naive_bayes_bow": {
    "accuracy": 0.9364191912625146,
    "precision": 0.9464158132888782,
    "recall": 0.9377064653138273,
    "f1": 0.94204100983762,
    "auc": 0.9690580323079137
  },
  "naive_bayes_tfidf": {
    "accuracy": 0.9331686386685737,
    "precision": 0.9356574637342069,
    "recall": 0.9436054742803209,
    "f1": 0.9396146616541353,
    "auc": 0.9800332982228693
  },
  "lstm": {
    "Accuracy": 0.9945390716421791,
    "Precision": 0.9936470588235294,
    "Recall": 0.9964605946201038,
    "F1-Score": 0.9950518378887842,
    "AUC": 0.9997495184782311,
    "auc": 0.9997495184782311
  }
}