{
  "loss": [
    0.4809854030609131,
    0.404517263174057,
    0.33135658502578735,
    0.2560952603816986,
    0.1839895397424698,
    0.19335497915744781,
    0.18389466404914856,
    0.11708728224039078,
    0.11675305664539337,
    0.04006713256239891,
    0.018462765961885452,
    0.03431699052453041,
    0.013240965083241463,
    0.008126064203679562,
    0.006347854156047106
  ],
  "accuracy": [
    0.7747959494590759,
    0.8274579048156738,
    0.8881745338439941,
    0.9267500042915344,
    0.944737434387207,
    0.9323123693466187,
    0.9379830956459045,
    0.9637000560760498,
    0.9668785929679871,
    0.9893447756767273,
    0.9946543574333191,
    0.9909340739250183,
    0.9970020651817322,
    0.9983024001121521,
    0.9988080859184265
  ],
  "val_loss": [
    0.3154299557209015,
    0.3944298028945923,
    0.2942480146884918,
    0.27194997668266296,
    0.22240659594535828,
    0.16979333758354187,
    0.12966567277908325,
    0.144357368350029,
    0.0570346936583519,
    0.017988553270697594,
    0.04987811669707298,
    0.032462749630212784,
    0.022139452397823334,
    0.02442881464958191,
    0.022992687299847603
  ],
  "val_accuracy": [
    0.9047774076461792,
    0.8196294903755188,
    0.9083523154258728,
    0.9207019805908203,
    0.9369515776634216,
    0.9109522104263306,
    0.9655508399009705,
    0.9626259207725525,
    0.9824504256248474,
    0.9935001730918884,
    0.98505038022995,
    0.9912252426147461,
    0.9948001503944397,
    0.9938251376152039,
    0.9938251376152039
  ],
  "epochs": 15
}